epsilon,episode_length,cumulative_reward
0.995,565,-2125.9722222222244
0.990025,535,-2832.0277777777837
0.985074875,413,-1723.2499999999964
0.9801495006250001,422,-2685.7777777777846
0.9752487531218751,415,-2305.5777777777707
0.9703725093562657,420,-2512.0055555555546
0.9655206468094844,397,-2742.2499999999973
0.960693043575437,393,-2258.222222222219
0.9558895783575597,407,-2055.4944444444427
0.9511101304657719,404,-1272.1611111111076
0.946354579813443,414,-2297.272222222223
0.9416228069143757,418,-1286.277777777776
0.9369146928798039,426,-2185.4444444444434
0.9322301194154049,431,-2285.377777777779
0.9275689688183278,436,-2228.9722222222204
0.9229311239742362,431,-2152.4833333333313
0.918316468354365,430,-2556.194444444444
0.9137248860125932,395,-1771.9722222222183
0.9091562615825302,383,-1587.922222222222
0.9046104802746175,409,-1658.8055555555513
0.9000874278732445,393,-1147.3166666666662
0.8955869907338783,400,-1966.4166666666636
0.8911090557802088,445,-2653.777777777778
0.8866535105013078,452,-1443.5388888888876
0.8822202429488013,439,-2297.3944444444423
0.8778091417340573,438,-2672.000000000004
0.8734200960253871,428,-2072.3444444444417
0.8690529955452602,410,-1835.916666666664
0.8647077305675338,449,-2792.8055555555547
0.8603841919146962,446,-2294.638888888885
0.8560822709551227,435,-2368.155555555558
0.851801859600347,418,-1740.333333333333
0.8475428503023453,426,-1005.8388888888885
0.8433051360508336,480,-1834.4944444444423
0.8390886103705794,613,-2008.1222222222184
0.8348931673187264,609,-3261.8833333333346
0.8307187014821328,618,-2374.8666666666645
0.8265651079747222,563,-3215.027777777786
0.8224322824348486,578,-1287.9333333333332
0.8183201210226743,614,-1696.1833333333298
0.8142285204175609,620,-2870.688888888886
0.810157377815473,594,-2250.0277777777837
0.8061065909263957,609,-2169.383333333331
0.8020760579717637,613,-809.8777777777774
0.798065677681905,592,-1784.5055555555498
0.7940753492934954,570,-2309.0499999999956
0.7901049725470279,571,-2960.8222222222234
0.7861544476842928,569,-2236.8166666666643
0.7822236754458713,579,-2375.783333333325
0.778312557068642,606,-2429.9888888888845
0.7744209942832988,595,-2174.8666666666663
0.7705488893118823,498,-1899.4166666666738
0.7666961448653229,581,-3555.5833333333435
0.7628626641409962,587,-2028.9666666666612
0.7590483508202912,572,-3379.1944444444484
0.7552531090661897,557,-3018.8555555555663
0.7514768435208588,571,-2732.972222222214
0.7477194593032545,581,-2322.683333333335
0.7439808620067382,594,-2460.08333333333
0.7402609576967045,597,-1431.272222222223
0.736559652908221,598,-3227.9388888889
0.7328768546436799,578,-2130.105555555551
0.7292124703704616,551,-2880.777777777771
0.7255664080186093,563,-2765.999999999995
0.7219385759785162,539,-2112.0222222222214
0.7183288830986236,565,-2710.405555555552
0.7147372386831305,599,-3001.9944444444473
0.7111635524897149,584,-2629.399999999997
0.7076077347272662,541,-2107.4722222222185
0.7040696960536299,589,-3301.172222222221
0.7005493475733617,587,-2647.2777777777815
0.697046600835495,556,-1811.1888888888864
0.6935613678313175,586,-1696.6111111111086
0.6900935609921609,631,-2572.138888888884
0.6866430931872001,614,-2482.8388888888976
0.6832098777212641,610,-2848.1888888889034
0.6797938283326578,621,-2281.8333333333335
0.6763948591909945,591,-2427.2611111111037
0.6730128848950395,596,-2609.516666666665
0.6696478204705644,617,-1992.7777777777776
0.6662995813682115,604,-2156.061111111109
0.6629680834613705,586,-3162.027777777777
0.6596532430440636,563,-2008.4388888888868
0.6563549768288433,577,-2315.5555555555547
0.653073201944699,571,-1908.5499999999977
0.6498078359349755,11,1151.611111111111
0.6465587967553006,380,-71.91111111111081
0.6433260027715241,582,-1228.1444444444412
0.6401093727576664,588,-2541.80555555555
0.6369088258938781,602,-1829.655555555549
0.6337242817644086,585,-1862.5388888888886
0.6305556603555866,572,-1587.7
0.6274028820538087,345,258.13333333333287
0.6242658676435396,562,-1283.9499999999987
0.6211445383053219,581,-1686.8888888888857
0.6180388156137953,612,-2250.127777777776
0.6149486215357263,603,-2105.744444444442
0.6118738784280476,565,-1938.9055555555533
0.6088145090359074,546,-917.7777777777764
0.6057704364907278,481,-343.3499999999908
0.6027415843082742,536,-1144.8333333333303
0.5997278763867329,545,-1664.4499999999973
0.5967292370047992,580,-1228.361111111108
0.5937455908197752,530,-2262.6611111111033
0.5907768628656763,608,-1260.299999999996
0.5878229785513479,620,-1547.2000000000005
0.5848838636585911,622,-1966.6444444444423
0.5819594443402982,606,-2302.105555555552
0.5790496471185967,598,-1239.4055555555553
0.5761543988830038,603,-2162.555555555552
0.5732736268885887,604,-3539.8055555555675
0.5704072587541458,600,-2014.499999999998
0.567555222460375,557,-1694.7888888888858
0.5647174463480732,610,-2470.561111111112
0.5618938591163328,597,-2682.900000000005
0.5590843898207511,597,-1888.6388888888885
0.5562889678716474,625,-1509.3888888888866
0.5535075230322891,606,-971.5888888888866
0.5507399854171277,567,-985.9944444444442
0.547986285490042,606,-1683.2055555555512
0.5452463540625918,583,-1659.6222222222202
0.5425201222922789,615,-1539.3111111111095
0.5398075216808175,587,-571.8833333333336
0.5371084840724134,588,-1942.0499999999956
0.5344229416520513,597,-1778.4666666666615
0.531750826943791,596,-2767.916666666659
0.5290920728090721,7,1119.4333333333334
0.5264466124450268,578,-1739.2722222222146
0.5238143793828016,605,-1760.205555555555
0.5211953074858876,491,-1660.6888888888823
0.5185893309484582,444,-793.3555555555544
0.5159963842937159,4,24.06111111111111
0.5134164023722473,471,-911.422222222222
0.510849320360386,453,-786.7777777777773
0.5082950737585841,123,1060.1277777777777
0.5057535983897912,437,-809.472222222221
0.5032248303978422,449,-541.494444444445
0.500708706245853,564,-326.2666666666653
0.4982051627146237,527,-971.0388888888874
0.49571413690105054,542,-1445.7777777777735
0.4932355662165453,568,-533.1388888888861
0.4907693883854626,534,-2358.155555555553
0.4883155414435353,543,-1992.372222222216
0.4858739637363176,568,-873.8222222222226
0.483444593917636,546,-1875.9611111111046
0.4810273709480478,554,-1477.8777777777777
0.47862223409330756,561,-1720.7555555555534
0.47622912292284103,544,-1358.127777777777
0.4738479773082268,567,-2035.7722222222146
0.47147873742168567,529,-1822.7277777777742
0.46912134373457726,518,-1889.5833333333326
0.46677573701590436,351,778.7222222222221
0.46444185833082485,34,1209.8722222222223
0.46211964903917074,562,-802.3388888888879
0.4598090507939749,568,-1052.9833333333333
0.457510005540005,543,-1327.6666666666613
0.45522245551230495,544,-1679.2777777777744
0.4529463432347434,534,-1777.7888888888838
0.4506816115185697,554,-1337.8777777777766
0.4484282034609769,525,-2566.7499999999945
0.446186062443672,544,-2047.2722222222205
0.4439551321314536,574,-968.2555555555552
0.4417353564707963,530,-2124.138888888889
0.43952667968844233,584,-825.6555555555533
0.43732904629000013,536,-924.2611111111103
0.4351424010585501,546,-600.6333333333331
0.43296668905325736,531,-1614.1666666666624
0.43080185560799106,564,-1500.533333333332
0.4286478463299511,529,-940.4722222222202
0.42650460709830135,475,-1297.5277777777749
0.42437208406280985,442,-1524.627777777777
0.4222502236424958,554,-669.4833333333329
0.42013897252428334,142,1194.9222222222222
0.4180382776616619,532,-1503.7833333333303
0.4159480862733536,557,-1251.4944444444436
0.41386834584198684,527,-1800.144444444442
0.4117990041127769,559,-579.5722222222221
0.40974000909221303,549,-1318.7777777777785
0.40769130904675194,509,-2934.5833333333358
0.40565285250151817,591,-1339.555555555554
0.4036245882390106,546,-1461.1555555555522
0.4016064652978155,562,-1072.644444444444
0.3995984329713264,550,-782.6666666666652
0.3976004408064698,538,-696.2833333333311
0.39561243860243744,537,-1232.0166666666646
0.3936343764094253,564,-605.3944444444437
0.39166620452737816,563,-2140.744444444446
0.3897078735047413,556,-1411.883333333332
0.3877593341372176,1,1082.4333333333334
0.3858205374665315,524,-1886.9388888888834
0.38389143477919885,543,-2375.2000000000025
0.3819719776053028,564,-1091.7555555555532
0.3800621177172763,525,-688.1222222222193
0.37816180712868996,561,883.5500000000006
0.37627099809304654,539,-539.1388888888881
0.3743896431025813,549,-1035.238888888884
0.37251769488706843,545,-1281.3277777777748
0.3706551064126331,527,-1400.2499999999982
0.36880183088056995,548,-1487.661111111112
0.3669578217261671,537,-1548.9277777777738
0.36512303261753626,509,-1390.0222222222196
0.3632974174544486,563,-261.55555555555543
0.3614809303671764,564,-713.916666666666
0.3596735257153405,1,1081.2333333333333
0.3578751580867638,81,1042.7555555555557
0.35608578229633,534,-1241.8055555555522
0.3543053533848483,544,-2725.5388888888892
0.35253382661792404,525,-980.1833333333337
0.3507711574848344,557,-866.8222222222228
0.34901730169741024,557,-730.3944444444429
0.3472722151889232,548,-197.57777777777736
0.3455358541129786,552,-1742.8000000000002
0.3438081748424137,529,-1991.311111111107
0.3420891339682016,543,-1480.8611111111095
0.3403786882983606,534,-1307.8222222222232
0.3386767948568688,533,1012.6666666666658
0.33698341088258443,545,213.3722222222218
0.3352984938281715,127,518.11111111111
0.33362200135903064,505,-1157.4499999999996
0.33195389135223546,554,-256.7222222222224
0.3302941218954743,570,-809.4555555555542
0.32864265128599696,560,-400.5555555555552
0.326999438029567,546,-1061.1055555555542
0.3253644408394192,607,574.0333333333328
0.3237376186352221,594,-564.8444444444435
0.322118930542046,618,-1116.0777777777757
0.32050833588933575,550,-1284.3499999999974
0.31890579420988907,313,798.5444444444441
0.3173112652388396,4,1104.711111111111
0.3157247089126454,561,-2620.6333333333323
0.3141460853680822,614,41.44999999999936
0.3125753549412418,609,78.82222222222133
0.31101247816653554,598,-259.72777777777793
0.30945741577570285,609,62.79999999999922
0.3079101286968243,478,1255.4833333333327
0.3063705780533402,611,-223.71111111111108
0.30483872516307353,531,711.6222222222235
0.3033145315372582,612,-1089.9499999999973
0.3017979588795719,593,-861.6055555555542
0.30028896908517405,573,-662.6000000000003
0.2987875242397482,572,474.1388888888887
0.29729358661854943,608,805.0166666666673
0.29580711868545667,601,-80.31111111111119
0.2943280830920294,627,453.56111111111136
0.29285644267656924,566,-109.01111111111148
0.2913921604631864,576,-470.76111111110913
0.28993519966087045,639,18.54999999999907
0.2884855236625661,643,-1064.7833333333317
0.28704309604425327,650,243.7388888888888
0.285607880564032,621,-632.4277777777784
0.28417984116121187,580,-370.7444444444442
0.2827589419554058,579,-121.01111111111143
0.28134514724562876,589,205.4888888888882
0.2799384215094006,1,1081.2333333333333
0.27853872940185365,597,567.5722222222216
0.27714603575484437,589,884.0277777777782
0.2757603055760701,638,-79.86111111111124
0.2743815040481898,87,1161.2111111111112
0.2730095965279488,603,-1292.1999999999925
0.27164454854530906,601,437.9111111111112
0.2702863258025825,180,1074.9
0.2689348941735696,596,736.8888888888893
0.26759021970270175,606,1346.8388888888924
0.2662522686041882,162,937.6388888888889
0.2649210072611673,3,1093.7
0.26359640222486147,28,1152.9222222222222
0.26227842021373715,629,34.199999999999875
0.2609670281126685,325,1286.0833333333333
0.25966219297210513,614,1470.5388888888936
0.2583638820072446,629,1014.6111111111115
0.2570720625972084,3,1094.6277777777777
0.25578670228422234,617,1216.7555555555555
0.25450776877280124,565,380.8499999999988
0.2532352299289372,192,1353.211111111111
0.2519690537792925,594,-555.2555555555551
0.2507092085103961,617,114.44999999999975
0.2494556624678441,607,-288.866666666667
0.24820838415550486,1,1081.2333333333333
0.24696734223472733,574,-833.8000000000001
0.2457325055235537,622,-544.7611111111099
0.24450384299593592,575,1.2833333333328136
0.24328132378095624,461,-443.5666666666659
0.24206491716205145,600,-673.6333333333325
0.2408545925762412,19,1163.8055555555554
0.23965031961336,420,994.7777777777775
0.2384520680152932,1,1081.2333333333333
0.23725980767521673,203,27.92222222222225
0.23607350863684065,398,1440.0444444444447
0.23489314109365644,293,1717.577777777778
0.23371867538818816,577,456.2888888888888
0.23255008201124722,609,55.77222222222174
0.231387331601191,566,355.53888888888787
0.23023039494318503,580,617.86111111111
0.2290792429684691,435,1292.572222222222
0.22793384675362674,583,43.005555555556185
0.22679417751985861,560,722.8444444444448
0.22566020663225933,543,-378.5277777777768
0.22453190559909803,517,-1089.0611111111054
0.22340924607110255,473,1889.8277777777764
0.22229219984074702,530,-1616.6611111111104
0.2211807388415433,180,-12.538888888888925
0.22007483514733558,581,-446.3444444444448
0.2189744609715989,588,-1611.794444444442
0.2178795886667409,589,288.1333333333335
0.2167901907234072,587,616.1611111111108
0.21570623976979014,515,-957.6499999999997
0.21462770857094118,555,821.8055555555552
0.21355457002808648,5,1104.3722222222223
0.21248679717794605,2,1087.9333333333334
0.21142436319205632,616,237.57777777777733
0.21036724137609603,215,1278.411111111111
0.20931540516921554,38,1208.427777777778
0.20826882814336947,52,1288.6999999999998
0.20722748400265262,22,1189.4611111111112
0.20619134658263935,566,44.788888888888465
0.20516038984972615,485,1009.7222222222218
0.2041345879004775,520,619.1111111111118
0.2031139149609751,1,1082.4333333333334
0.20209834538617025,179,1214.1722222222222
0.2010878536592394,574,-135.94999999999942
0.2000824143909432,334,812.0666666666673
0.19908200231898848,2,1090.3333333333333
0.19808659230739353,245,534.5222222222231
0.19709615934585656,1,1081.2333333333333
0.19611067854912728,55,1279.0833333333335
0.19513012515638165,2,1089.1333333333334
0.19415447453059972,53,1106.4888888888888
0.19318370215794672,214,1063.2777777777778
0.192217783647157,1,1082.4333333333334
0.1912566947289212,464,512.9777777777778
0.1903004112552766,441,-1738.9555555555532
0.18934890919900021,18,1167.4388888888889
0.18840216465300522,542,-506.27222222222053
0.18746015382974018,532,707.3000000000001
0.1865228530605915,14,1127.1666666666667
0.18559023879528855,448,-531.8222222222215
0.1846622876013121,239,1218.427777777778
0.18373897616330553,465,165.52777777777723
0.182820281282489,438,-331.1111111111107
0.18190617987607657,476,-105.60000000000049
0.18099664897669618,469,154.40555555555676
0.1800916657318127,13,1121.7333333333333
0.17919120740315364,9,1135.3055555555557
0.17829525136613786,613,809.9333333333351
0.17740377510930716,23,1190.988888888889
0.17651675623376062,447,1216.6888888888886
0.1756341724525918,136,1454.9166666666667
0.17475600159032884,189,1312.6388888888887
0.17388222158237718,5,1105.8444444444444
0.1730128104744653,191,820.8833333333332
0.17214774642209296,237,984.661111111111
0.1712870076899825,280,1203.405555555556
0.17043057265153258,401,1338.0666666666666
0.16957841978827493,12,1119.4611111111112
0.16873052768933355,3,1094.3444444444444
0.1678868750508869,423,992.9833333333335
0.16704744067563246,36,1109.3555555555556
0.1662122034722543,65,967.1499999999999
0.16538114245489302,459,435.45555555555563
0.16455423674261854,65,1207.9777777777776
0.16373146555890544,517,261.3833333333327
0.16291280823111093,505,221.59444444444492
0.16209824418995536,3,1094.7611111111112
0.16128775296900558,15,1149.4833333333333
0.16048131420416054,5,1117.4888888888888
0.15967890763313974,348,1543.4277777777777
0.15888051309497406,260,1172.761111111111
0.1580861105294992,197,1304.4166666666667
0.1572956799768517,88,1313.2333333333333
0.15650920157696743,16,1129.0166666666667
0.1557266555690826,19,1135.5722222222223
0.1549480222912372,44,1184.5222222222221
0.15417328217978102,7,1109.4055555555556
0.1534024157688821,76,1199.5944444444444
0.1526354036900377,278,845.7444444444443
0.1518722266715875,63,1203.7166666666667
0.15111286553822956,203,1396.8777777777777
0.15035730121053842,68,1229.8944444444444
0.14960551470448571,1,1083.5
0.14885748713096328,72,1226.4388888888889
0.14811319969530845,115,1229.0944444444444
0.1473726336968319,71,1167.6944444444443
0.14663577052834775,108,1166.0
0.14590259167570602,158,1226.2944444444445
0.1451730787173275,347,1024.9166666666665
0.14444721332374086,254,1542.8277777777778
0.14372497725712216,2,1090.3333333333333
0.14300635237083656,553,102.57777777777773
0.14229132060898236,449,1404.2388888888888
0.14157986400593744,67,1094.8333333333333
0.14087196468590776,318,1741.9222222222224
0.14016760486247823,87,1078.0111111111112
0.13946676683816583,23,1156.9833333333333
0.138769433003975,386,431.5777777777787
0.13807558583895513,51,1123.2944444444443
0.13738520790976036,243,1243.794444444444
0.13669828187021155,380,788.3388888888895
0.13601479046086049,42,1177.8888888888887
0.1353347165085562,194,886.1111111111104
0.1346580429260134,350,1438.1222222222218
0.13398475271138335,288,1193.8777777777777
0.13331482894782642,145,1218.7944444444445
0.13264825480308728,164,1057.2777777777778
0.13198501352907185,420,1363.7222222222222
0.1313250884614265,387,1250.9111111111117
0.13066846301911936,52,1124.0111111111112
0.13001512070402377,239,1249.6166666666663
0.12936504510050365,82,1240.7055555555555
0.12871821987500112,350,1321.5944444444442
0.12807462877562611,373,1416.5333333333333
0.12743425563174798,243,1339.0666666666666
0.12679708435358925,72,1292.0555555555557
0.1261630989318213,403,1267.1611111111108
0.1255322834371622,215,1285.2388888888888
0.12490462201997637,266,1582.7055555555564
0.1242800989098765,19,1149.6166666666666
0.12365869841532712,37,1248.3277777777778
0.12304040492325048,49,1171.388888888889
0.12242520289863423,20,1145.4055555555556
0.12181307688414106,339,1330.1499999999996
0.12120401149972035,90,1329.6888888888889
0.12059799144222175,3,1096.6222222222223
0.11999500148501063,8,1120.7666666666667
0.11939502647758558,42,1272.888888888889
0.11879805134519765,112,1277.0944444444444
0.11820406108847166,369,1854.7055555555553
0.1176130407830293,397,1145.6111111111109
0.11702497557911415,435,1522.261111111111
0.11643985070121858,73,1259.838888888889
0.11585765144771248,22,1152.1333333333332
0.11527836319047392,43,1196.9722222222222
0.11470197137452155,24,1146.0666666666668
0.11412846151764894,251,1008.8944444444446
0.1135578192100607,34,1130.9055555555556
0.11299003011401039,23,1111.4444444444443
0.11242507996344034,158,1342.8111111111111
0.11186295456362313,49,1197.8166666666666
0.11130363979080501,276,1095.15
0.11074712159185099,125,1270.7888888888888
0.11019338598389174,60,1215.1944444444446
0.10964241905397228,2,1090.3333333333333
0.10909420695870241,1,1084.7
0.1085487359239089,95,1186.711111111111
0.10800599224428936,8,1121.4611111111112
0.10746596228306791,95,1109.0944444444444
0.10692863247165257,77,1096.95
0.1063939893092943,115,1022.3777777777776
0.10586201936274783,75,1121.088888888889
0.10533270926593409,148,868.7277777777776
0.10480604571960442,237,1163.1555555555556
0.1042820154910064,15,1155.838888888889
0.10376060541355137,102,1152.9555555555555
0.1032418023864836,459,1274.427777777778
0.10272559337455119,2,1087.9333333333334
0.10221196540767843,450,2131.488888888888
0.10170090558064004,162,1311.9888888888886
0.10119240105273684,23,1193.0222222222221
0.10068643904747315,147,874.8777777777779
0.10018300685223579,367,518.6388888888885
0.0996820918179746,6,1121.8000000000002
0.09918368135888474,401,1097.3777777777775
0.09868776295209031,458,1193.8722222222218
0.09819432413732986,292,1009.2166666666668
0.09770335251664321,17,1161.5055555555555
0.09721483575406,114,1378.638888888889
0.09672876157528969,86,1185.7
0.09624511776741324,127,1355.7666666666667
0.09576389217857617,46,1140.0611111111111
0.09528507271768329,5,1102.1777777777777
0.09480864735409487,39,970.961111111111
0.0943346041173244,203,1295.7777777777778
0.09386293109673778,13,1117.038888888889
0.09339361644125409,282,1259.8111111111107
0.09292664835904782,42,1097.5555555555554
0.09246201511725258,119,1140.0222222222221
0.09199970504166631,413,945.9555555555556
0.09153970651645797,419,1.1722222222222323
0.09108200798387568,338,1378.461111111111
0.0906265979439563,390,1599.661111111111
0.09017346495423652,66,1257.9722222222224
0.08972259762946533,126,1240.638888888889
0.089273984641318,203,1164.7833333333333
0.0888276147181114,193,824.288888888889
0.08838347664452084,20,1157.6055555555556
0.08794155926129824,27,1171.2888888888888
0.08750185146499175,430,236.45555555555677
0.08706434220766679,1,1081.2333333333333
0.08662902049662846,408,694.8944444444462
0.08619587539414532,38,1074.661111111111
0.08576489601717459,24,1072.1
0.08533607153708872,115,1301.488888888889
0.08490939117940327,419,154.68333333333348
0.08448484422350626,11,1141.8222222222223
0.08406242000238873,49,1273.3722222222223
0.08364210790237678,165,981.7277777777776
0.0832238973628649,107,1284.6722222222222
0.08280777787605056,9,1107.5777777777778
0.08239373898667031,227,1382.9166666666663
0.08198177029173696,28,1118.7222222222222
0.08157186144027828,59,1216.9444444444443
0.0811640021330769,53,1253.0722222222223
0.08075818212241151,73,1205.2055555555555
0.08035439121179945,22,1156.2388888888888
0.07995261925574046,29,1166.15
0.07955285615946175,75,1099.2722222222221
0.07915509187866444,364,1079.561111111111
0.07875931641927113,9,1116.0944444444444
0.07836551983717477,116,1124.8777777777777
0.07797369223798889,11,1156.8999999999999
0.07758382377679894,106,1333.8999999999999
0.07719590465791494,13,1135.8944444444444
0.07680992513462537,34,1219.3333333333335
0.07642587550895225,409,335.5944444444445
0.07604374613140748,67,1349.1888888888889
0.07566352740075044,144,1304.9
0.07528520976374668,134,1296.6111111111109
0.07490878371492794,27,1203.4055555555556
0.0745342397963533,87,1289.9444444444443
0.07416156859737154,159,980.05
0.07379076075438468,13,1139.2888888888888
0.07342180695061275,20,1121.4166666666665
0.07305469791585968,2,1087.9333333333334
0.07268942442628039,199,1657.3611111111113
0.07232597730414898,7,1120.0444444444445
0.07196434741762824,95,961.7999999999998
0.0716045256805401,77,990.2944444444444
0.0712465030521374,419,466.1277777777767
0.0708902705368767,59,1173.2833333333335
0.07053581918419231,55,1230.2777777777778
0.07018314008827135,40,1145.7333333333333
0.06983222438783,200,1156.95
0.06948306326589085,60,1158.8722222222223
0.0691356479495614,74,1247.8055555555554
0.06878996970981359,53,1282.2055555555553
0.06844601986126451,162,1386.6444444444444
0.06810378976195819,25,1104.1777777777777
0.0677632708131484,105,1182.9611111111112
0.06742445445908266,36,1233.2166666666667
0.06708733218678724,263,1474.6666666666665
0.0667518955258533,29,1102.5666666666666
0.06641813604822402,3,1091.8722222222223
0.0660860453679829,48,1229.8722222222223
0.06575561514114299,346,1357.2666666666664
0.06542683706543727,344,1502.177777777778
0.06509970288011008,19,1091.6777777777777
0.06477420436570952,95,1010.1999999999999
0.06445033334388098,337,1242.9499999999998
0.06412808167716157,12,1094.3166666666666
0.06380744126877576,420,147.0111111111109
0.06348840406243188,415,664.0944444444445
0.06317096204211972,94,1255.7555555555555
0.06285510723190912,169,1521.2000000000005
0.06254083169574957,357,588.2000000000003
0.062228127537270826,401,36.81666666666644
0.06191698689958447,101,1237.3333333333333
0.061607401965086545,35,1200.2388888888888
0.06129936495526111,16,1131.3055555555557
0.0609928681304848,26,1096.3722222222223
0.060687903789832374,242,1572.4777777777783
0.06038446427088321,210,1135.6
0.06008254194952879,32,1228.827777777778
0.05978212923978115,40,1264.9944444444445
0.05948321859358224,370,1551.7499999999995
0.05918580250061433,362,1917.772222222222
0.058889873488111255,280,1561.6888888888889
0.058595424120670696,30,1223.177777777778
0.05830244700006734,13,1165.3222222222223
0.058010934765067,102,1383.5
0.05772088009124167,259,1395.5499999999997
0.05743227569078546,75,1289.6444444444444
0.05714511431233153,27,1125.6944444444443
0.05685938874076987,10,1142.4333333333332
0.056575091797066025,139,1459.077777777778
0.056292216338080694,9,1118.7666666666667
0.05601075525639029,133,1363.5388888888888
0.05573070148010834,422,287.29444444444425
0.0554520479727078,95,1381.7888888888888
0.05517478773284426,51,991.6388888888889
0.05489891379418004,155,859.0555555555552
0.05462441922520914,112,1316.1611111111108
0.0543512971290831,46,1266.611111111111
0.05407954064343768,427,174.21666666666636
0.05380914294022049,180,666.8055555555563
0.05354009722551939,86,1309.8
0.05327239673939179,244,1894.8111111111111
0.053006034755694834,390,1624.7666666666667
0.052741004581916356,148,1362.0222222222224
0.052477299559006776,63,1229.3277777777778
0.052214913061211746,36,1230.8777777777777
0.05195383849590569,68,1144.7555555555557
0.05169406930342616,259,1401.83888888889
0.05143559895690903,102,1283.7055555555557
0.051178420962124486,105,1465.2777777777778
0.05092252885731386,153,1239.5944444444444
0.05066791621302729,125,1361.8777777777775
0.05041457663196215,54,1262.0166666666669
0.050162503748802344,32,1142.0333333333333
0.049911691230058335,112,1271.1222222222223
0.049911691230058335,20,1174.5944444444444
0.049911691230058335,41,1245.3777777777777
0.049911691230058335,33,1179.9388888888889
0.049911691230058335,311,1212.5944444444447
0.049911691230058335,8,1125.1999999999998
0.049911691230058335,25,1167.1555555555556
0.049911691230058335,64,1375.5666666666666
0.049911691230058335,21,1115.5555555555554
0.049911691230058335,108,1089.3999999999999
0.049911691230058335,27,1142.7833333333333
0.049911691230058335,26,1127.0333333333333
0.049911691230058335,21,1144.6944444444443
0.049911691230058335,358,759.9166666666673
0.049911691230058335,132,1360.761111111111
0.049911691230058335,25,1191.2944444444443
0.049911691230058335,1,1081.2333333333333
0.049911691230058335,13,1121.2333333333333
0.049911691230058335,16,1169.5555555555554
0.049911691230058335,18,1144.3333333333333
0.049911691230058335,202,1326.3666666666666
0.049911691230058335,17,1118.461111111111
0.049911691230058335,38,1182.6944444444446
0.049911691230058335,409,435.81666666666786
0.049911691230058335,114,1505.8833333333334
0.049911691230058335,124,1361.2111111111112
0.049911691230058335,39,1172.2777777777778
0.049911691230058335,2,1089.1333333333334
0.049911691230058335,13,1143.4333333333332
0.049911691230058335,2,1090.6666666666665
0.049911691230058335,111,1152.4166666666667
0.049911691230058335,8,1111.4555555555557
0.049911691230058335,27,1221.127777777778
0.049911691230058335,126,1120.1444444444444
0.049911691230058335,29,1161.1888888888889
0.049911691230058335,21,1143.4722222222222
0.049911691230058335,4,1097.5833333333335
0.049911691230058335,108,1273.2
0.049911691230058335,148,1248.9222222222222
0.049911691230058335,25,1165.9555555555555
0.049911691230058335,2,1088.9944444444445
0.049911691230058335,219,1267.4499999999998
0.049911691230058335,110,1309.5666666666666
0.049911691230058335,15,1101.3000000000002
0.049911691230058335,134,1381.6777777777775
0.049911691230058335,42,1178.4388888888889
0.049911691230058335,4,1100.4333333333334
0.049911691230058335,51,1247.6055555555556
0.049911691230058335,4,1100.9166666666667
0.049911691230058335,49,1157.6166666666668
0.049911691230058335,328,1494.8111111111111
0.049911691230058335,137,1261.2722222222221
0.049911691230058335,16,1182.0666666666666
0.049911691230058335,79,1240.8722222222223
0.049911691230058335,19,1116.6499999999999
0.049911691230058335,60,1230.7277777777776
0.049911691230058335,112,1398.0277777777778
0.049911691230058335,67,1348.338888888889
0.049911691230058335,60,1211.6499999999999
0.049911691230058335,143,1049.6055555555556
0.049911691230058335,32,1157.2888888888888
0.049911691230058335,27,1120.4166666666665
0.049911691230058335,52,1199.7555555555555
0.049911691230058335,60,1165.9333333333334
0.049911691230058335,7,1111.3333333333335
0.049911691230058335,27,1144.85
0.049911691230058335,4,1103.5055555555555
0.049911691230058335,47,1215.3111111111111
0.049911691230058335,11,1143.4222222222222
0.049911691230058335,161,1516.8555555555545
0.049911691230058335,34,1165.7777777777778
0.049911691230058335,160,1247.9555555555555
0.049911691230058335,77,1052.6944444444443
0.049911691230058335,122,1284.211111111111
0.049911691230058335,18,1176.611111111111
0.049911691230058335,44,1251.3666666666668
0.049911691230058335,49,1215.4833333333333
0.049911691230058335,47,1218.361111111111
0.049911691230058335,236,1297.6555555555553
0.049911691230058335,262,1353.0722222222219
0.049911691230058335,45,1219.961111111111
0.049911691230058335,57,1188.85
0.049911691230058335,223,1346.9333333333327
0.049911691230058335,210,1829.1277777777777
0.049911691230058335,48,1221.4722222222224
0.049911691230058335,126,1360.4944444444443
0.049911691230058335,60,1183.4388888888889
0.049911691230058335,18,1130.9888888888888
0.049911691230058335,20,1171.3111111111111
0.049911691230058335,216,790.0777777777776
0.049911691230058335,19,1160.7666666666667
0.049911691230058335,433,734.0555555555572
0.049911691230058335,81,1043.2777777777778
0.049911691230058335,22,1146.711111111111
0.049911691230058335,132,1459.794444444444
0.049911691230058335,380,769.7444444444444
0.049911691230058335,195,1162.333333333333
0.049911691230058335,58,1087.0444444444445
0.049911691230058335,108,1280.8722222222223
0.049911691230058335,140,1275.2055555555555
0.049911691230058335,215,1231.2166666666667
0.049911691230058335,428,187.83333333333337
0.049911691230058335,125,1440.7277777777779
0.049911691230058335,97,1406.2222222222222
0.049911691230058335,24,1116.4777777777776
0.049911691230058335,344,1035.1499999999999
0.049911691230058335,202,1375.7111111111108
0.049911691230058335,48,1120.25
0.049911691230058335,26,1229.6888888888889
0.049911691230058335,20,1185.7777777777778
0.049911691230058335,120,1268.7222222222222
0.049911691230058335,30,1123.4666666666667
0.049911691230058335,200,1618.3555555555554
0.049911691230058335,93,1296.4666666666665
0.049911691230058335,132,1262.5333333333333
0.049911691230058335,15,1109.7555555555555
0.049911691230058335,171,1463.7055555555553
0.049911691230058335,287,1488.522222222222
0.049911691230058335,12,1113.0777777777778
0.049911691230058335,426,786.1333333333341
0.049911691230058335,93,1054.111111111111
0.049911691230058335,78,1275.822222222222
0.049911691230058335,32,1212.5833333333333
0.049911691230058335,10,1121.4722222222224
0.049911691230058335,217,1061.761111111111
0.049911691230058335,414,254.5666666666684
0.049911691230058335,176,1317.011111111111
0.049911691230058335,90,1366.772222222222
0.049911691230058335,183,1382.6722222222222
0.049911691230058335,38,1182.0555555555557
0.049911691230058335,44,1118.5777777777778
0.049911691230058335,155,1436.4611111111112
0.049911691230058335,12,1132.3055555555554
0.049911691230058335,115,1176.388888888889
0.049911691230058335,173,1197.85
0.049911691230058335,21,1154.8222222222223
0.049911691230058335,161,1226.3999999999999
0.049911691230058335,51,1084.4222222222222
0.049911691230058335,13,1097.572222222222
0.049911691230058335,113,1110.3
0.049911691230058335,65,1215.9444444444446
0.049911691230058335,136,1227.3833333333332
0.049911691230058335,9,1115.6777777777777
0.049911691230058335,75,1326.9777777777776
0.049911691230058335,8,1107.2666666666667
0.049911691230058335,324,1975.738888888889
0.049911691230058335,127,1362.4388888888889
0.049911691230058335,18,1128.4333333333334
0.049911691230058335,98,1249.2777777777778
0.049911691230058335,13,1134.427777777778
0.049911691230058335,150,1592.0333333333335
0.049911691230058335,42,1219.861111111111
0.049911691230058335,76,1229.6388888888891
0.049911691230058335,341,1788.3666666666672
0.049911691230058335,8,1115.1611111111113
0.049911691230058335,13,1142.611111111111
0.049911691230058335,172,1277.6055555555554
0.049911691230058335,50,1180.0
0.049911691230058335,5,1109.7444444444445
0.049911691230058335,219,1068.2555555555555
0.049911691230058335,43,1148.911111111111
0.049911691230058335,34,1171.2277777777776
0.049911691230058335,41,1195.3666666666666
0.049911691230058335,230,1464.2555555555552
0.049911691230058335,30,1145.7333333333333
0.049911691230058335,113,1152.411111111111
0.049911691230058335,54,1216.3
0.049911691230058335,20,1188.3777777777777
0.049911691230058335,5,1100.4888888888888
0.049911691230058335,12,1161.1777777777777
0.049911691230058335,79,1355.0388888888888
0.049911691230058335,41,1250.9055555555556
0.049911691230058335,264,1638.166666666667
0.049911691230058335,41,1166.4722222222222
0.049911691230058335,123,1283.1833333333334
0.049911691230058335,119,1236.761111111111
0.049911691230058335,100,1395.5
0.049911691230058335,249,1580.1944444444446
0.049911691230058335,19,1174.05
0.049911691230058335,184,1010.7777777777775
0.049911691230058335,16,1150.611111111111
0.049911691230058335,37,1191.0388888888888
0.049911691230058335,347,1437.2333333333331
0.049911691230058335,9,1135.9666666666667
0.049911691230058335,2,1088.3999999999999
0.049911691230058335,108,1260.15
0.049911691230058335,24,1141.611111111111
0.049911691230058335,2,1089.4666666666667
0.049911691230058335,53,1153.1333333333332
0.049911691230058335,8,1111.5166666666667
0.049911691230058335,62,1151.7722222222224
0.049911691230058335,157,1084.3833333333332
0.049911691230058335,101,1267.5388888888888
0.049911691230058335,173,1415.5277777777778
0.049911691230058335,346,1312.7666666666669
0.049911691230058335,188,1010.8499999999999
0.049911691230058335,21,1169.8777777777777
0.049911691230058335,186,1648.349999999999
0.049911691230058335,106,1149.5222222222221
0.049911691230058335,77,1369.427777777778
0.049911691230058335,25,1179.0555555555557
0.049911691230058335,75,1117.1944444444443
0.049911691230058335,142,931.966666666667
0.049911691230058335,54,1278.4055555555556
0.049911691230058335,126,1472.5722222222223
0.049911691230058335,16,1166.7277777777779
0.049911691230058335,163,1367.45
0.049911691230058335,88,1034.3333333333335
0.049911691230058335,111,1192.588888888889
0.049911691230058335,79,1250.888888888889
0.049911691230058335,3,1089.4111111111113
0.049911691230058335,87,1420.8944444444444
0.049911691230058335,162,1281.3333333333333
0.049911691230058335,96,1257.2111111111112
0.049911691230058335,39,1099.3944444444444
0.049911691230058335,103,1006.0888888888892
0.049911691230058335,408,-218.222222222222
0.049911691230058335,420,2280.544444444445
0.049911691230058335,82,1151.3777777777777
0.049911691230058335,232,861.6166666666666
0.049911691230058335,291,1602.9388888888902
0.049911691230058335,25,1183.7777777777778
0.049911691230058335,78,1377.216666666667
0.049911691230058335,279,1707.6055555555558
0.049911691230058335,387,1838.9666666666678
0.049911691230058335,177,1340.25
0.049911691230058335,66,1152.8944444444446
0.049911691230058335,149,1327.6333333333332
0.049911691230058335,272,1128.6444444444448
0.049911691230058335,37,1134.0111111111112
0.049911691230058335,131,1199.9388888888886
0.049911691230058335,8,1116.0277777777778
0.049911691230058335,34,1069.2833333333333
0.049911691230058335,81,1168.7166666666667
0.049911691230058335,42,1192.4722222222222
0.049911691230058335,77,1174.7555555555557
0.049911691230058335,46,1177.5555555555557
0.049911691230058335,8,1109.338888888889
0.049911691230058335,52,1209.0833333333333
0.049911691230058335,4,1107.9333333333334
0.049911691230058335,180,1317.3833333333334
0.049911691230058335,11,1119.0555555555557
0.049911691230058335,35,1197.9055555555558
0.049911691230058335,154,1197.8833333333334
0.049911691230058335,13,1115.0611111111111
0.049911691230058335,32,1183.9111111111113
0.049911691230058335,46,1250.8611111111109
0.049911691230058335,248,1792.4888888888893
0.049911691230058335,190,1546.3777777777782
0.049911691230058335,24,1134.9277777777777
0.049911691230058335,58,1153.2388888888888
0.049911691230058335,11,1136.5666666666666
0.049911691230058335,10,1116.55
0.049911691230058335,9,1108.7555555555555
0.049911691230058335,57,1096.4555555555555
0.049911691230058335,71,1035.388888888889
0.049911691230058335,41,1171.9055555555556
0.049911691230058335,63,1198.5833333333333
0.049911691230058335,215,1618.9388888888893
0.049911691230058335,154,1597.1111111111109
0.049911691230058335,74,1224.927777777778
0.049911691230058335,115,1215.2
0.049911691230058335,81,1402.4166666666663
0.049911691230058335,67,1411.8277777777778
0.049911691230058335,56,1156.1777777777777
0.049911691230058335,9,1123.5777777777778
0.049911691230058335,152,1052.5833333333333
0.049911691230058335,54,1279.6555555555556
0.049911691230058335,21,1137.0611111111111
0.049911691230058335,43,1132.5444444444445
0.049911691230058335,69,1125.1722222222222
0.049911691230058335,79,1256.2444444444445
0.049911691230058335,43,1176.9722222222222
0.049911691230058335,37,1186.8277777777778
0.049911691230058335,84,1369.066666666667
0.049911691230058335,29,1205.361111111111
0.049911691230058335,35,1213.5277777777778
0.049911691230058335,9,1111.7777777777778
0.049911691230058335,64,1288.8222222222223
0.049911691230058335,6,1108.7611111111112
0.049911691230058335,60,1287.4444444444443
0.049911691230058335,2,1087.9333333333334
0.049911691230058335,93,1056.2666666666667
0.049911691230058335,14,1148.7944444444443
0.049911691230058335,80,1240.2888888888888
0.049911691230058335,7,1120.3222222222223
0.049911691230058335,63,1306.911111111111
0.049911691230058335,319,1346.9166666666663
0.049911691230058335,214,1641.7333333333331
0.049911691230058335,200,1210.361111111111
0.049911691230058335,20,1137.6222222222223
0.049911691230058335,14,1135.9222222222222
0.049911691230058335,148,1202.8222222222223
0.049911691230058335,32,1238.6777777777777
0.049911691230058335,99,1358.0333333333333
0.049911691230058335,15,1114.6444444444444
0.049911691230058335,76,1298.3833333333334
0.049911691230058335,429,59.31111111111099
0.049911691230058335,167,1107.8555555555554
0.049911691230058335,48,1285.7777777777778
0.049911691230058335,79,1353.1944444444443
0.049911691230058335,37,1143.4611111111112
0.049911691230058335,163,1293.4388888888886
0.049911691230058335,9,1116.0444444444445
0.049911691230058335,271,1492.133333333334
0.049911691230058335,41,1301.8444444444444
0.049911691230058335,412,1758.788888888888
0.049911691230058335,63,1218.738888888889
0.049911691230058335,43,1218.461111111111
0.049911691230058335,236,1442.5277777777778
0.049911691230058335,21,1143.0444444444445
0.049911691230058335,11,1148.6944444444446
0.049911691230058335,6,1101.0833333333333
0.049911691230058335,92,1166.0611111111111
0.049911691230058335,62,1114.5777777777778
0.049911691230058335,21,1147.3777777777777
0.049911691230058335,23,1188.3777777777777
0.049911691230058335,33,1162.2388888888888
0.049911691230058335,434,916.2666666666672
0.049911691230058335,368,2315.2166666666667
0.049911691230058335,169,1225.4222222222224
0.049911691230058335,35,1041.0666666666666
0.049911691230058335,106,1349.8166666666666
0.049911691230058335,38,1108.1888888888889
0.049911691230058335,3,1094.2166666666667
0.049911691230058335,4,1097.4555555555555
0.049911691230058335,75,1357.1
0.049911691230058335,13,1136.7666666666667
0.049911691230058335,20,1107.411111111111
0.049911691230058335,103,1303.9388888888889
0.049911691230058335,92,1235.8111111111111
0.049911691230058335,20,1116.6666666666667
0.049911691230058335,48,1095.611111111111
0.049911691230058335,6,1112.2333333333333
0.049911691230058335,26,1101.8555555555556
0.049911691230058335,1,1081.2333333333333
0.049911691230058335,91,1168.6499999999999
0.049911691230058335,4,1098.3
0.049911691230058335,27,1160.8333333333333
0.049911691230058335,14,1134.9222222222222
0.049911691230058335,124,1096.0888888888887
0.049911691230058335,51,1131.8055555555557
0.049911691230058335,1,1081.2333333333333
0.049911691230058335,4,1098.2388888888888
0.049911691230058335,169,1331.5944444444444
0.049911691230058335,74,1167.8000000000002
0.049911691230058335,22,1168.15
0.049911691230058335,205,1158.588888888889
0.049911691230058335,423,425.93888888888904
0.049911691230058335,55,1112.4833333333333
0.049911691230058335,172,1351.9111111111113
0.049911691230058335,64,1227.4555555555555
0.049911691230058335,88,1411.6444444444444
0.049911691230058335,216,1505.4277777777777
0.049911691230058335,26,1114.4055555555556
0.049911691230058335,110,1498.4
0.049911691230058335,37,1209.5166666666667
0.049911691230058335,43,1118.1555555555556
0.049911691230058335,33,1212.8444444444444
0.049911691230058335,10,1116.9444444444446
0.049911691230058335,169,1556.6611111111117
0.049911691230058335,12,1140.4833333333333
0.049911691230058335,47,1152.8666666666666
0.049911691230058335,164,1292.2722222222221
0.049911691230058335,52,1257.8277777777778
0.049911691230058335,49,1172.3777777777777
0.049911691230058335,91,1349.244444444444
0.049911691230058335,15,1153.3500000000001
0.049911691230058335,20,1167.75
0.049911691230058335,193,1310.4999999999998
0.049911691230058335,3,1099.0333333333333
0.049911691230058335,12,1129.888888888889
0.049911691230058335,322,1327.4055555555556
0.049911691230058335,8,1117.3722222222223
0.049911691230058335,22,1103.4055555555553
0.049911691230058335,50,1204.7166666666667
0.049911691230058335,7,1122.4666666666667
0.049911691230058335,27,1183.1722222222222
0.049911691230058335,28,1168.9
0.049911691230058335,13,1123.6000000000001
0.049911691230058335,50,1323.6555555555556
0.049911691230058335,40,1178.6333333333334
0.049911691230058335,48,1226.85
0.049911691230058335,12,1136.3166666666666
0.049911691230058335,7,1107.8111111111111
0.049911691230058335,48,1191.5222222222221
0.049911691230058335,112,1058.0722222222223
0.049911691230058335,22,1151.3111111111111
0.049911691230058335,14,1118.2666666666667
0.049911691230058335,30,1203.927777777778
0.049911691230058335,21,1147.2333333333333
0.049911691230058335,33,1145.3444444444444
0.049911691230058335,95,1213.5166666666667
0.049911691230058335,49,1090.111111111111
0.049911691230058335,39,1160.7611111111112
0.049911691230058335,95,1113.9222222222222
0.049911691230058335,137,1349.7944444444447
0.049911691230058335,14,1135.138888888889
0.049911691230058335,182,1360.7777777777776
0.049911691230058335,10,1116.1
0.049911691230058335,11,1119.5277777777778
0.049911691230058335,146,1136.7277777777776
0.049911691230058335,31,1152.7722222222224
0.049911691230058335,30,1173.588888888889
0.049911691230058335,11,1131.5777777777778
0.049911691230058335,2,1087.9333333333334
0.049911691230058335,20,1145.7166666666667
0.049911691230058335,35,1219.8555555555556
0.049911691230058335,69,1278.8888888888887
0.049911691230058335,1,1083.5
0.049911691230058335,12,1104.0777777777778
0.049911691230058335,16,1131.0722222222223
0.049911691230058335,39,1212.2055555555555
0.049911691230058335,21,1168.8777777777777
0.049911691230058335,1,1082.4333333333334
0.049911691230058335,11,1118.2166666666667
0.049911691230058335,49,1264.0833333333335
0.049911691230058335,48,1026.9888888888888
0.049911691230058335,32,1149.3277777777778
0.049911691230058335,28,1152.261111111111
0.049911691230058335,20,1160.5611111111111
0.049911691230058335,29,1193.861111111111
0.049911691230058335,55,1250.6999999999998
0.049911691230058335,20,1164.2555555555555
0.049911691230058335,70,1221.072222222222
0.049911691230058335,33,1237.911111111111
0.049911691230058335,13,1145.3555555555556
0.049911691230058335,50,1153.1055555555556
0.049911691230058335,116,1064.361111111111
0.049911691230058335,80,1385.9111111111115
0.049911691230058335,3,1094.0333333333333
0.049911691230058335,9,1108.4555555555555
0.049911691230058335,17,1148.3055555555554
0.049911691230058335,41,1129.7333333333333
0.049911691230058335,66,1023.7944444444445
0.049911691230058335,18,1143.0555555555557
0.049911691230058335,3,1089.888888888889
0.049911691230058335,169,1176.461111111111
0.049911691230058335,28,1167.5333333333333
0.049911691230058335,121,1148.7277777777779
0.049911691230058335,28,1193.7444444444445
0.049911691230058335,2,1089.1333333333334
0.049911691230058335,40,1145.4888888888888
0.049911691230058335,83,919.8833333333337
0.049911691230058335,57,1168.0944444444444
0.049911691230058335,269,1230.072222222222
0.049911691230058335,12,1116.2944444444445
0.049911691230058335,33,1203.0277777777778
0.049911691230058335,57,1211.9444444444446
0.049911691230058335,135,1087.15
0.049911691230058335,14,1128.9888888888888
0.049911691230058335,1,1081.2333333333333
0.049911691230058335,43,1170.3055555555557
0.049911691230058335,7,1107.0055555555557
0.049911691230058335,24,1165.35
0.049911691230058335,180,1393.377777777778
0.049911691230058335,10,1122.738888888889
0.049911691230058335,16,1161.6055555555556
0.049911691230058335,17,1133.9611111111112
0.049911691230058335,68,1176.6222222222223
0.049911691230058335,42,1123.6944444444443
0.049911691230058335,16,1128.35
0.049911691230058335,38,1151.0
0.049911691230058335,260,1500.8055555555557
0.049911691230058335,20,1171.8277777777778
0.049911691230058335,85,1430.0777777777778
0.049911691230058335,164,1071.611111111111
0.049911691230058335,16,1113.6833333333332
0.049911691230058335,207,1534.5388888888886
0.049911691230058335,198,987.0555555555555
0.049911691230058335,50,1243.488888888889
0.049911691230058335,61,1220.3833333333332
0.049911691230058335,114,1153.9666666666667
0.049911691230058335,160,1315.4999999999995
0.049911691230058335,208,1318.461111111111
0.049911691230058335,36,1176.95
0.049911691230058335,97,1100.3166666666666
0.049911691230058335,138,1124.0888888888887
0.049911691230058335,405,388.14444444444496
0.049911691230058335,32,1172.1555555555556
0.049911691230058335,84,1264.8
0.049911691230058335,10,1122.5611111111111
0.049911691230058335,90,1044.2444444444445
0.049911691230058335,152,584.9388888888893
0.049911691230058335,1,1081.2333333333333
0.049911691230058335,179,1202.372222222222
0.049911691230058335,69,1244.0388888888888
0.049911691230058335,40,1154.4888888888888
0.049911691230058335,5,1104.0944444444444
0.049911691230058335,414,1322.6666666666665
0.049911691230058335,97,1361.9055555555556
0.049911691230058335,3,1094.7666666666667
0.049911691230058335,315,1166.0666666666666
0.049911691230058335,134,1109.7388888888888
0.049911691230058335,82,1099.4555555555555
0.049911691230058335,65,1272.3000000000002
0.049911691230058335,96,953.8888888888889
0.049911691230058335,32,1171.9777777777776
0.049911691230058335,7,1118.0166666666667
0.049911691230058335,29,1135.488888888889
0.049911691230058335,11,1123.2722222222224
0.049911691230058335,7,1106.7833333333333
0.049911691230058335,22,1134.4388888888889
0.049911691230058335,202,1263.977777777778
0.049911691230058335,195,1299.0499999999997
0.049911691230058335,46,1200.3555555555554
0.049911691230058335,45,1124.0
0.049911691230058335,77,1236.1222222222223
0.049911691230058335,142,1356.6333333333332
0.049911691230058335,408,1756.5333333333326
0.049911691230058335,63,1243.822222222222
0.049911691230058335,1,1082.4333333333334
0.049911691230058335,157,1097.8055555555557
0.049911691230058335,35,1202.4833333333333
0.049911691230058335,238,895.9555555555551
0.049911691230058335,36,1016.0444444444445
0.049911691230058335,20,1098.0
0.049911691230058335,2,1090.0
0.049911691230058335,343,1182.5777777777776
0.049911691230058335,28,1129.5611111111111
0.049911691230058335,131,1180.9666666666667
0.049911691230058335,126,1050.5111111111112
0.049911691230058335,23,1171.2888888888888
0.049911691230058335,200,1345.6944444444443
0.049911691230058335,5,1104.8999999999999
0.049911691230058335,45,1137.8111111111111
0.049911691230058335,47,1165.788888888889
0.049911691230058335,7,1107.5777777777778
0.049911691230058335,7,1105.861111111111
0.049911691230058335,70,1278.0666666666666
0.049911691230058335,63,1285.2999999999997
0.049911691230058335,122,868.5500000000001
0.049911691230058335,168,1381.6333333333334
0.049911691230058335,9,1115.3333333333333
0.049911691230058335,134,1487.3500000000001
0.049911691230058335,1,1082.4333333333334
0.049911691230058335,31,1058.7055555555555
0.049911691230058335,12,1128.4222222222222
0.049911691230058335,95,1219.9555555555555
0.049911691230058335,83,790.0222222222228
0.049911691230058335,1,1081.2333333333333
0.049911691230058335,15,1114.4166666666667
0.049911691230058335,81,1170.3944444444444
0.049911691230058335,45,1121.3277777777778
0.049911691230058335,103,798.0722222222223
0.049911691230058335,67,1042.3444444444444
0.049911691230058335,36,1220.4555555555555
0.049911691230058335,60,988.2611111111112
0.049911691230058335,128,1268.4222222222222
0.049911691230058335,11,1123.8055555555554
0.049911691230058335,8,1109.8055555555554
0.049911691230058335,37,1208.5888888888887
0.049911691230058335,41,1165.4222222222222
0.049911691230058335,36,1204.8
0.049911691230058335,72,1171.6666666666665
0.049911691230058335,3,1092.2444444444445
0.049911691230058335,222,992.1277777777777
0.049911691230058335,18,1125.7222222222222
0.049911691230058335,29,1163.9333333333334
0.049911691230058335,4,1093.7055555555555
0.049911691230058335,4,1100.6277777777777
0.049911691230058335,30,1191.2388888888888
0.049911691230058335,14,1119.3555555555556
0.049911691230058335,9,1102.4944444444443
0.049911691230058335,101,1063.0
0.049911691230058335,88,1046.1666666666665
0.049911691230058335,101,981.7722222222221
0.049911691230058335,4,1098.7111111111112
0.049911691230058335,38,1093.2611111111112
0.049911691230058335,34,1244.7555555555555
0.049911691230058335,42,1056.888888888889
0.049911691230058335,10,1116.3666666666668
0.049911691230058335,156,733.6333333333337
0.049911691230058335,260,1375.1222222222218
0.049911691230058335,111,1223.661111111111
0.049911691230058335,107,974.1777777777777
0.049911691230058335,430,191.6944444444446
0.049911691230058335,109,1281.9333333333334
0.049911691230058335,15,1129.2222222222222
0.049911691230058335,33,1168.8555555555554
0.049911691230058335,53,1258.5555555555554
0.049911691230058335,31,1130.8166666666666
0.049911691230058335,40,1089.6833333333334
0.049911691230058335,50,1182.7611111111112
0.049911691230058335,93,1270.8055555555557
0.049911691230058335,37,1254.0111111111112
0.049911691230058335,13,1093.338888888889
0.049911691230058335,20,1116.088888888889
0.049911691230058335,43,1196.7
0.049911691230058335,136,1370.8333333333333
0.049911691230058335,28,1136.6444444444446
0.049911691230058335,25,1156.2166666666667
0.049911691230058335,32,1143.177777777778
0.049911691230058335,17,1090.1666666666665
0.049911691230058335,26,1142.5277777777778
0.049911691230058335,23,1106.7055555555555
0.049911691230058335,16,1105.95
0.049911691230058335,22,1128.9944444444445
0.049911691230058335,72,1231.9222222222222
0.049911691230058335,4,1099.3999999999999
0.049911691230058335,89,1169.4833333333333
0.049911691230058335,91,1485.3111111111114
0.049911691230058335,28,1095.85
0.049911691230058335,12,1121.6666666666665
0.049911691230058335,64,1251.8444444444444
0.049911691230058335,19,1161.5166666666667
0.049911691230058335,25,1142.45
0.049911691230058335,103,1161.5000000000002
0.049911691230058335,11,1130.1333333333332
0.049911691230058335,74,1097.4444444444443
0.049911691230058335,118,1173.8611111111113
0.049911691230058335,62,1086.2944444444445
0.049911691230058335,30,1143.7722222222221
0.049911691230058335,37,1206.5166666666667
0.049911691230058335,2,1090.0
0.049911691230058335,75,1079.9388888888889
0.049911691230058335,24,1102.6499999999999
0.049911691230058335,18,1100.5444444444445
0.049911691230058335,19,1087.9777777777776
0.049911691230058335,79,1243.838888888889
0.049911691230058335,33,1124.7333333333333
0.049911691230058335,2,1088.0666666666666
0.049911691230058335,2,1087.6555555555556
0.049911691230058335,86,1254.411111111111
0.049911691230058335,37,1236.122222222222
0.049911691230058335,16,1128.572222222222
0.049911691230058335,74,1093.9444444444446
0.049911691230058335,73,1249.0388888888892
0.049911691230058335,37,1181.8777777777777
0.049911691230058335,45,1230.3222222222223
0.049911691230058335,6,1119.7333333333333
0.049911691230058335,29,1193.6222222222223
0.049911691230058335,2,1088.9888888888888
0.049911691230058335,17,1155.7444444444445
0.049911691230058335,65,1187.6444444444444
0.049911691230058335,63,1204.7277777777779
0.049911691230058335,32,1180.3722222222223
0.049911691230058335,56,1221.6333333333332
0.049911691230058335,27,1115.0444444444445
0.049911691230058335,8,1113.5666666666668
0.049911691230058335,46,1156.611111111111
0.049911691230058335,92,1264.8277777777776
0.049911691230058335,4,1100.3500000000001
0.049911691230058335,119,1515.2
0.049911691230058335,4,1093.8444444444444
0.049911691230058335,34,1148.361111111111
0.049911691230058335,70,1238.1555555555556
0.049911691230058335,162,1411.6888888888893
0.049911691230058335,113,1368.05
0.049911691230058335,12,1125.6555555555556
0.049911691230058335,20,1147.7611111111112
0.049911691230058335,31,1139.5222222222221
0.049911691230058335,78,1219.2055555555555
0.049911691230058335,24,1149.2722222222224
0.049911691230058335,14,1135.9722222222222
0.049911691230058335,18,1120.0
0.049911691230058335,6,1101.911111111111
0.049911691230058335,9,1115.7333333333333
0.049911691230058335,10,1127.738888888889
0.049911691230058335,68,1268.422222222222
0.049911691230058335,207,1348.4666666666667
0.049911691230058335,12,1130.6222222222223
0.049911691230058335,71,1311.7222222222222
0.049911691230058335,2,1090.6666666666665
0.049911691230058335,39,1083.7555555555555
0.049911691230058335,21,1158.8833333333332
0.049911691230058335,81,1198.738888888889
0.049911691230058335,51,1277.0500000000002
0.049911691230058335,42,1160.3111111111111
0.049911691230058335,9,1114.8111111111111
0.049911691230058335,2,1090.6666666666665
0.049911691230058335,14,1121.6000000000001
0.049911691230058335,70,1091.75
0.049911691230058335,62,1253.8999999999999
0.049911691230058335,81,1302.9444444444446
0.049911691230058335,74,1219.4222222222222
0.049911691230058335,3,1098.088888888889
0.049911691230058335,2,1085.7222222222222
0.049911691230058335,13,1110.6722222222222
0.049911691230058335,2,1090.0555555555554
0.049911691230058335,23,1186.5277777777778
0.049911691230058335,27,1187.3222222222223
0.049911691230058335,23,1109.3444444444444
0.049911691230058335,58,1309.1999999999998
0.049911691230058335,5,1092.2611111111112
0.049911691230058335,23,1161.25
0.049911691230058335,54,1143.8833333333334
0.049911691230058335,13,1108.7722222222221
0.049911691230058335,5,1092.261111111111
0.049911691230058335,163,1344.0166666666662
0.049911691230058335,37,1199.322222222222
0.049911691230058335,16,1102.1722222222222
0.049911691230058335,47,1136.388888888889
0.049911691230058335,76,1269.577777777778
0.049911691230058335,24,1148.4166666666667
0.049911691230058335,32,1229.4111111111113
0.049911691230058335,53,1285.388888888889
0.049911691230058335,43,1199.8277777777778
0.049911691230058335,62,1196.611111111111
0.049911691230058335,7,1110.0944444444444
0.049911691230058335,6,1096.4166666666665
0.049911691230058335,16,1100.0277777777778
0.049911691230058335,6,1101.15
0.049911691230058335,12,1126.2888888888888
0.049911691230058335,19,1147.2166666666667
0.049911691230058335,20,1163.4333333333334
0.049911691230058335,30,1194.0222222222221
0.049911691230058335,5,1102.161111111111
0.049911691230058335,12,1107.4722222222222
0.049911691230058335,11,1135.6166666666668
0.049911691230058335,12,1114.0055555555555
0.049911691230058335,4,1099.4277777777777
0.049911691230058335,58,1208.1833333333334
0.049911691230058335,34,1211.8277777777778
0.049911691230058335,56,1185.7222222222222
0.049911691230058335,12,1118.15
0.049911691230058335,49,1093.1055555555554
0.049911691230058335,20,1142.1944444444443
0.049911691230058335,49,1209.05
0.049911691230058335,101,1276.3666666666666
0.049911691230058335,7,1113.4333333333334
0.049911691230058335,48,1244.872222222222
0.049911691230058335,30,1087.1055555555554
0.049911691230058335,17,1140.2666666666669
0.049911691230058335,18,1162.6444444444444
0.049911691230058335,53,1160.5944444444444
0.049911691230058335,7,1110.5
0.049911691230058335,34,1183.0444444444445
0.049911691230058335,72,1248.9611111111112
0.049911691230058335,48,1102.888888888889
0.049911691230058335,30,1163.9777777777779
0.049911691230058335,62,1140.7055555555555
0.049911691230058335,47,1230.0333333333333
0.049911691230058335,21,1131.4333333333334
0.049911691230058335,105,1304.4388888888889
0.049911691230058335,11,1119.9944444444443
0.049911691230058335,29,1167.7055555555555
0.049911691230058335,3,1095.55
0.049911691230058335,5,1105.338888888889
0.049911691230058335,4,1099.3999999999999
0.049911691230058335,11,1118.9611111111112
0.049911691230058335,12,1112.0944444444444
0.049911691230058335,14,1142.4222222222222
0.049911691230058335,21,1170.1333333333332
0.049911691230058335,18,1118.9277777777777
0.049911691230058335,86,1172.8166666666666
0.049911691230058335,23,1195.8944444444444
0.049911691230058335,67,1078.6166666666668
0.049911691230058335,175,828.4944444444443
0.049911691230058335,13,1120.5333333333333
0.049911691230058335,42,1185.8777777777777
0.049911691230058335,46,1201.1000000000001
0.049911691230058335,87,1241.1333333333332
0.049911691230058335,71,1276.461111111111
0.049911691230058335,19,1135.4055555555556
0.049911691230058335,16,1147.1555555555556
0.049911691230058335,150,1016.1888888888888
0.049911691230058335,59,1149.0222222222224
0.049911691230058335,39,1070.55
0.049911691230058335,23,1166.8333333333333
0.049911691230058335,13,1132.6222222222223
0.049911691230058335,4,1099.2888888888888
0.049911691230058335,47,1087.9333333333334
0.049911691230058335,62,1155.5388888888888
0.049911691230058335,3,1096.6333333333332
0.049911691230058335,2,1090.0
0.049911691230058335,53,1128.8555555555554
0.049911691230058335,59,1173.7888888888888
0.049911691230058335,11,1132.6055555555554
0.049911691230058335,50,1106.922222222222
0.049911691230058335,66,1222.661111111111
0.049911691230058335,1,1081.2333333333333
0.049911691230058335,38,1212.7055555555555
0.049911691230058335,76,1034.0166666666667
0.049911691230058335,186,1241.8444444444442
0.049911691230058335,11,1133.75
0.049911691230058335,91,1362.5611111111111
0.049911691230058335,6,1105.6333333333332
0.049911691230058335,10,1107.3277777777778
0.049911691230058335,15,1130.3555555555556
0.049911691230058335,46,1285.2833333333333
0.049911691230058335,14,1107.6833333333334
0.049911691230058335,29,1220.1666666666667
0.049911691230058335,30,1132.7333333333333
0.049911691230058335,59,1206.6777777777777
0.049911691230058335,43,1116.1333333333334
0.049911691230058335,3,1095.4055555555556
0.049911691230058335,1,1083.5
0.049911691230058335,105,1199.5833333333333
0.049911691230058335,15,1076.9166666666665
0.049911691230058335,6,1119.0666666666668
0.049911691230058335,20,1088.3999999999999
0.049911691230058335,95,1279.3166666666668
0.049911691230058335,9,1111.7944444444445
0.049911691230058335,84,1179.8722222222223
0.049911691230058335,9,1117.05
0.049911691230058335,14,1145.1777777777777
0.049911691230058335,38,1111.961111111111
0.049911691230058335,28,1121.2166666666667
0.049911691230058335,17,1132.0111111111112
0.049911691230058335,76,1317.0666666666666
0.049911691230058335,105,1049.211111111111
0.049911691230058335,22,1169.65
0.049911691230058335,100,1113.2444444444445
0.049911691230058335,54,1235.8111111111111
0.049911691230058335,1,1081.2333333333333
0.049911691230058335,79,996.7888888888889
0.049911691230058335,195,1486.25
0.049911691230058335,27,1181.4222222222222
0.049911691230058335,92,1122.4055555555556
0.049911691230058335,20,1151.0555555555554
0.049911691230058335,43,1252.761111111111
0.049911691230058335,14,1137.2833333333333
0.049911691230058335,69,1187.1999999999998
0.049911691230058335,2,1086.4555555555555
0.049911691230058335,129,1120.5333333333333
0.049911691230058335,5,1101.9666666666667
0.049911691230058335,190,1489.8055555555557
0.049911691230058335,78,1006.8944444444444
